billing_month,account_id,platform,table_type,query_count,estimated_cost_usd,account_tier,billing_model
2023-03,enterprise_committed,BigQuery,native,19568,301.07525969266214,committed,committed
2023-03,enterprise_committed,BigQuery,external,3453,40.09721846627955,committed,committed
2023-03,enterprise_committed,Snowflake,native,22183,378.17477974141394,committed,committed
2023-03,enterprise_committed,Snowflake,external,2464,46.21281484280941,committed,committed
2023-03,enterprise_committed,Databricks,delta,18397,278.7265783438289,committed,committed
2023-03,enterprise_committed,Databricks,external,4953,66.67379254494945,committed,committed
2023-03,enterprise_committed,Databricks,iceberg,4953,31.207980329580135,committed,committed
2023-03,enterprise_committed,Athena,iceberg,5554,32.36874903927468,committed,committed
2023-03,enterprise_committed,Athena,delta,5554,33.968429392234846,committed,committed
2023-03,enterprise_committed,Athena,parquet,5554,65.81059654049156,committed,committed
2023-03,enterprise_committed,Athena,hudi,5554,73.37157710326798,committed,committed
2023-03,enterprise_on_demand,BigQuery,native,9085,166.9363096848129,demand,on_demand
2023-03,enterprise_on_demand,BigQuery,external,3893,48.075998653699436,demand,on_demand
2023-03,enterprise_on_demand,Snowflake,native,9736,235.28253377630244,demand,on_demand
2023-03,enterprise_on_demand,Snowflake,external,3245,68.59927412236321,demand,on_demand
2023-03,enterprise_on_demand,Databricks,delta,6900,129.4147563771833,demand,on_demand
2023-03,enterprise_on_demand,Databricks,external,3450,63.58978067273889,demand,on_demand
2023-03,enterprise_on_demand,Databricks,iceberg,3450,77.40846552206615,demand,on_demand
2023-03,enterprise_on_demand,Athena,iceberg,3901,25.050253385812912,demand,on_demand
2023-03,enterprise_on_demand,Athena,delta,3901,21.54418957269051,demand,on_demand
2023-03,enterprise_on_demand,Athena,parquet,3901,45.967594309818026,demand,on_demand
2023-03,enterprise_on_demand,Athena,hudi,3901,56.70560667082501,demand,on_demand
2023-03,midmarket_committed,BigQuery,native,2838,19.513772224468173,committed,committed
2023-03,midmarket_committed,BigQuery,external,709,15.535151569407542,committed,committed
2023-03,midmarket_committed,Snowflake,native,3746,31.79820937555786,committed,committed
2023-03,midmarket_committed,Snowflake,external,661,12.92719873564464,committed,committed
2023-03,midmarket_committed,Databricks,delta,2740,50.47692519561672,committed,committed
2023-03,midmarket_committed,Databricks,external,913,14.683154636346872,committed,committed
2023-03,midmarket_committed,Databricks,iceberg,913,5.767370444773663,committed,committed
2023-03,midmarket_committed,Athena,iceberg,977,9.34779379276138,committed,committed
2023-03,midmarket_committed,Athena,delta,977,18.23238807638001,committed,committed
2023-03,midmarket_committed,Athena,parquet,977,22.51627533135164,committed,committed
2023-03,midmarket_committed,Athena,hudi,977,11.295195810490052,committed,committed
2023-03,midmarket_on_demand,BigQuery,native,958,19.235677701412992,demand,on_demand
2023-03,midmarket_on_demand,BigQuery,external,515,5.184914326120689,demand,on_demand
2023-03,midmarket_on_demand,Snowflake,native,1085,9.77503024644096,demand,on_demand
2023-03,midmarket_on_demand,Snowflake,external,464,7.209203931075708,demand,on_demand
2023-03,midmarket_on_demand,Databricks,delta,558,6.815326013112234,demand,on_demand
2023-03,midmarket_on_demand,Databricks,external,341,5.456470704597987,demand,on_demand
2023-03,midmarket_on_demand,Databricks,iceberg,341,1.9084692675280799,demand,on_demand
2023-03,midmarket_on_demand,Athena,iceberg,388,7.699178574209162,demand,on_demand
2023-03,midmarket_on_demand,Athena,delta,388,4.298383417092946,demand,on_demand
2023-03,midmarket_on_demand,Athena,parquet,388,9.440814800589026,demand,on_demand
2023-03,midmarket_on_demand,Athena,hudi,388,3.383729397533771,demand,on_demand
2023-03,startup_credits,BigQuery,native,128,3.1214360639943206,credits,on_demand
2023-03,startup_credits,BigQuery,external,128,1.4767011949874176,credits,on_demand
2023-03,startup_credits,Snowflake,native,147,1.6021681527504954,credits,on_demand
2023-03,startup_credits,Snowflake,external,120,0.6897526926206672,credits,on_demand
2023-03,startup_credits,Databricks,delta,63,1.1012352591470846,credits,on_demand
2023-03,startup_credits,Databricks,external,73,0.6802478719132424,credits,on_demand
2023-03,startup_credits,Databricks,iceberg,73,1.090199346973893,credits,on_demand
2023-03,startup_credits,Athena,iceberg,68,0.9029304497210999,credits,on_demand
2023-03,startup_credits,Athena,delta,68,1.3455882456187682,credits,on_demand
2023-03,startup_credits,Athena,parquet,68,0.8837524373491236,credits,on_demand
2023-03,startup_credits,Athena,hudi,68,1.3052426158256765,credits,on_demand
2023-03,enterprise_committed,BigQuery,native,19745,346.36480265982317,committed,committed
2023-03,enterprise_committed,BigQuery,external,3588,42.755100406218105,committed,committed
2023-03,enterprise_committed,Snowflake,native,22221,377.02420093297786,committed,committed
2023-03,enterprise_committed,Snowflake,external,2542,39.474701769793086,committed,committed
2023-03,enterprise_committed,Databricks,delta,14223,103.36948477433826,committed,committed
2023-03,enterprise_committed,Databricks,external,3828,88.03795974538606,committed,committed
2023-03,enterprise_committed,Databricks,iceberg,3828,49.42470079827505,committed,committed
2023-03,enterprise_committed,Athena,iceberg,7354,47.65660333447923,committed,committed
2023-03,enterprise_committed,Athena,delta,7354,122.83794553013729,committed,committed
2023-03,enterprise_committed,Athena,parquet,7354,86.28924227389018,committed,committed
2023-03,enterprise_committed,Athena,hudi,7354,108.73051396386388,committed,committed
2023-03,enterprise_on_demand,BigQuery,native,8316,60.19437452775819,demand,on_demand
2023-03,enterprise_on_demand,BigQuery,external,3670,90.57546346145129,demand,on_demand
2023-03,enterprise_on_demand,Snowflake,native,10403,240.79402693189093,demand,on_demand
2023-03,enterprise_on_demand,Snowflake,external,3571,54.77005822456574,demand,on_demand
2023-03,enterprise_on_demand,Databricks,delta,7178,174.38847625867277,demand,on_demand
2023-03,enterprise_on_demand,Databricks,external,3588,19.540342013602498,demand,on_demand
2023-03,enterprise_on_demand,Databricks,iceberg,3588,48.39352654365817,demand,on_demand
2023-03,enterprise_on_demand,Athena,iceberg,3582,58.73192620834819,demand,on_demand
2023-03,enterprise_on_demand,Athena,delta,3582,86.61932843113333,demand,on_demand
2023-03,enterprise_on_demand,Athena,parquet,3582,56.279682598991485,demand,on_demand
2023-03,enterprise_on_demand,Athena,hudi,3582,66.57261776380084,demand,on_demand
2023-03,midmarket_committed,BigQuery,native,2737,63.76558014594817,committed,committed
2023-03,midmarket_committed,BigQuery,external,704,11.542736547705905,committed,committed
2023-03,midmarket_committed,Snowflake,native,2867,70.47090574065643,committed,committed
2023-03,midmarket_committed,Snowflake,external,521,3.9842954820446543,committed,committed
2023-03,midmarket_committed,Databricks,delta,2376,49.251959169108716,committed,committed
2023-03,midmarket_committed,Databricks,external,792,8.97294322309508,committed,committed
2023-03,midmarket_committed,Databricks,iceberg,792,17.787827652433158,committed,committed
2023-03,midmarket_committed,Athena,iceberg,902,6.596992231052458,committed,committed
2023-03,midmarket_committed,Athena,delta,902,14.10958656484717,committed,committed
2023-03,midmarket_committed,Athena,parquet,902,9.934613654176268,committed,committed
2023-03,midmarket_committed,Athena,hudi,902,15.843215467871257,committed,committed
2023-03,midmarket_on_demand,BigQuery,native,1063,5.958773662629813,demand,on_demand
2023-03,midmarket_on_demand,BigQuery,external,589,8.741300176156948,demand,on_demand
2023-03,midmarket_on_demand,Snowflake,native,1083,26.45591480890096,demand,on_demand
2023-03,midmarket_on_demand,Snowflake,external,477,2.565948954343641,demand,on_demand
2023-03,midmarket_on_demand,Databricks,delta,784,17.85003937351722,demand,on_demand
2023-03,midmarket_on_demand,Databricks,external,478,4.8979922278723445,demand,on_demand
2023-03,midmarket_on_demand,Databricks,iceberg,478,11.365865261898284,demand,on_demand
2023-03,midmarket_on_demand,Athena,iceberg,409,3.1026229674652175,demand,on_demand
2023-03,midmarket_on_demand,Athena,delta,409,10.150704242521002,demand,on_demand
2023-03,midmarket_on_demand,Athena,parquet,409,5.330758730033514,demand,on_demand
2023-03,midmarket_on_demand,Athena,hudi,409,7.0446257246721595,demand,on_demand
2023-03,startup_credits,BigQuery,native,154,3.558681157641057,credits,on_demand
2023-03,startup_credits,BigQuery,external,158,3.2246222333165044,credits,on_demand
2023-03,startup_credits,Snowflake,native,120,0.9324467227768634,credits,on_demand
2023-03,startup_credits,Snowflake,external,100,1.1277994712992183,credits,on_demand
2023-03,startup_credits,Databricks,delta,80,0.9536658815740795,credits,on_demand
2023-03,startup_credits,Databricks,external,93,0.8114680732581904,credits,on_demand
2023-03,startup_credits,Databricks,iceberg,93,0.5956759485041487,credits,on_demand
2023-03,startup_credits,Athena,iceberg,60,0.9967490959487075,credits,on_demand
2023-03,startup_credits,Athena,delta,60,0.7542425712715216,credits,on_demand
2023-03,startup_credits,Athena,parquet,60,1.134049825457951,credits,on_demand
2023-03,startup_credits,Athena,hudi,60,0.37380945897219897,credits,on_demand
2023-04,enterprise_committed,BigQuery,native,23965,453.7677669504913,committed,committed
2023-04,enterprise_committed,BigQuery,external,4482,48.63663678834923,committed,committed
2023-04,enterprise_committed,Snowflake,native,22532,149.02233351117124,committed,committed
2023-04,enterprise_committed,Snowflake,external,2653,13.489030057809325,committed,committed
2023-04,enterprise_committed,Databricks,delta,17444,209.57721328054674,committed,committed
2023-04,enterprise_committed,Databricks,external,4695,85.50013504586742,committed,committed
2023-04,enterprise_committed,Databricks,iceberg,4695,104.28345814743172,committed,committed
2023-04,enterprise_committed,Athena,iceberg,6197,57.750075822889045,committed,committed
2023-04,enterprise_committed,Athena,delta,6197,62.38076693070291,committed,committed
2023-04,enterprise_committed,Athena,parquet,6197,43.47326814199784,committed,committed
2023-04,enterprise_committed,Athena,hudi,6197,118.28425571911411,committed,committed
2023-04,enterprise_on_demand,BigQuery,native,8108,157.85390150057106,demand,on_demand
2023-04,enterprise_on_demand,BigQuery,external,3683,73.25662858879339,demand,on_demand
2023-04,enterprise_on_demand,Snowflake,native,10147,140.27204527269242,demand,on_demand
2023-04,enterprise_on_demand,Snowflake,external,3584,53.54601830152365,demand,on_demand
2023-04,enterprise_on_demand,Databricks,delta,6397,76.76746865876338,demand,on_demand
2023-04,enterprise_on_demand,Databricks,external,3198,44.21901064522081,demand,on_demand
2023-04,enterprise_on_demand,Databricks,iceberg,3198,79.46724743703253,demand,on_demand
2023-04,enterprise_on_demand,Athena,iceberg,4199,61.86471319931735,demand,on_demand
2023-04,enterprise_on_demand,Athena,delta,4199,80.35712480977747,demand,on_demand
2023-04,enterprise_on_demand,Athena,parquet,4199,59.25537621877993,demand,on_demand
2023-04,enterprise_on_demand,Athena,hudi,4199,23.997408279602986,demand,on_demand
2023-04,midmarket_committed,BigQuery,native,3163,49.2124356758444,committed,committed
2023-04,midmarket_committed,BigQuery,external,838,18.073415440796786,committed,committed
2023-04,midmarket_committed,Snowflake,native,3750,68.37329472920705,committed,committed
2023-04,midmarket_committed,Snowflake,external,700,5.843225685184608,committed,committed
2023-04,midmarket_committed,Databricks,delta,2709,67.34833778061325,committed,committed
2023-04,midmarket_committed,Databricks,external,903,4.55716056218741,committed,committed
2023-04,midmarket_committed,Databricks,iceberg,903,5.361141920577084,committed,committed
2023-04,midmarket_committed,Athena,iceberg,1004,24.404559598273362,committed,committed
2023-04,midmarket_committed,Athena,delta,1004,23.551261130026667,committed,committed
2023-04,midmarket_committed,Athena,parquet,1004,17.950251872052473,committed,committed
2023-04,midmarket_committed,Athena,hudi,1004,10.90693728763938,committed,committed
2023-04,midmarket_on_demand,BigQuery,native,855,15.691278834141164,demand,on_demand
2023-04,midmarket_on_demand,BigQuery,external,487,8.065831699116167,demand,on_demand
2023-04,midmarket_on_demand,Snowflake,native,1276,13.011706016051765,demand,on_demand
2023-04,midmarket_on_demand,Snowflake,external,578,6.123257281968167,demand,on_demand
2023-04,midmarket_on_demand,Databricks,delta,609,9.60076296303453,demand,on_demand
2023-04,midmarket_on_demand,Databricks,external,372,8.379911191854584,demand,on_demand
2023-04,midmarket_on_demand,Databricks,iceberg,372,4.901097788862549,demand,on_demand
2023-04,midmarket_on_demand,Athena,iceberg,470,9.21948845228362,demand,on_demand
2023-04,midmarket_on_demand,Athena,delta,470,2.892126001039979,demand,on_demand
2023-04,midmarket_on_demand,Athena,parquet,470,3.0217344440735934,demand,on_demand
2023-04,midmarket_on_demand,Athena,hudi,470,7.63500165252626,demand,on_demand
2023-04,startup_credits,BigQuery,native,144,2.596045317716042,credits,on_demand
2023-04,startup_credits,BigQuery,external,152,1.7754248394588403,credits,on_demand
2023-04,startup_credits,Snowflake,native,138,1.3525735036975874,credits,on_demand
2023-04,startup_credits,Snowflake,external,118,1.0372402653127224,credits,on_demand
2023-04,startup_credits,Databricks,delta,71,1.6727798931727211,credits,on_demand
2023-04,startup_credits,Databricks,external,83,0.4190657061366808,credits,on_demand
2023-04,startup_credits,Databricks,iceberg,83,0.9880733190023012,credits,on_demand
2023-04,startup_credits,Athena,iceberg,82,1.2276862094418057,credits,on_demand
2023-04,startup_credits,Athena,delta,82,1.8296923920718104,credits,on_demand
2023-04,startup_credits,Athena,parquet,82,2.0496033018145585,credits,on_demand
2023-04,startup_credits,Athena,hudi,82,1.9184094096955053,credits,on_demand
2023-05,enterprise_committed,BigQuery,native,25682,458.90566653862305,committed,committed
2023-05,enterprise_committed,BigQuery,external,4939,31.508193280556686,committed,committed
2023-05,enterprise_committed,Snowflake,native,23935,172.80118055364417,committed,committed
2023-05,enterprise_committed,Snowflake,external,2898,42.28889019046288,committed,committed
2023-05,enterprise_committed,Databricks,delta,15568,183.84527834370135,committed,committed
2023-05,enterprise_committed,Databricks,external,4191,67.61389162417055,committed,committed
2023-05,enterprise_committed,Databricks,iceberg,4191,39.82409001815988,committed,committed
2023-05,enterprise_committed,Athena,iceberg,6496,132.8685092033779,committed,committed
2023-05,enterprise_committed,Athena,delta,6496,116.00396056226907,committed,committed
2023-05,enterprise_committed,Athena,parquet,6496,87.22693807292889,committed,committed
2023-05,enterprise_committed,Athena,hudi,6496,95.12125958912466,committed,committed
2023-05,enterprise_on_demand,BigQuery,native,9477,55.610211581541,demand,on_demand
2023-05,enterprise_on_demand,BigQuery,external,4426,78.38169214250307,demand,on_demand
2023-05,enterprise_on_demand,Snowflake,native,10820,201.257758459416,demand,on_demand
2023-05,enterprise_on_demand,Snowflake,external,3930,32.38765663943963,demand,on_demand
2023-05,enterprise_on_demand,Databricks,delta,6066,107.82577051268446,demand,on_demand
2023-05,enterprise_on_demand,Databricks,external,3033,39.812289308190245,demand,on_demand
2023-05,enterprise_on_demand,Databricks,iceberg,3033,25.883248628103605,demand,on_demand
2023-05,enterprise_on_demand,Athena,iceberg,3983,95.3366871766137,demand,on_demand
2023-05,enterprise_on_demand,Athena,delta,3983,87.69258040911208,demand,on_demand
2023-05,enterprise_on_demand,Athena,parquet,3983,22.051944146800597,demand,on_demand
2023-05,enterprise_on_demand,Athena,hudi,3983,87.76894497824324,demand,on_demand
2023-05,midmarket_committed,BigQuery,native,3451,39.3272762351125,committed,committed
2023-05,midmarket_committed,BigQuery,external,939,15.669186737879881,committed,committed
2023-05,midmarket_committed,Snowflake,native,4288,32.960470880274215,committed,committed
2023-05,midmarket_committed,Snowflake,external,824,11.977353002708934,committed,committed
2023-05,midmarket_committed,Databricks,delta,2338,28.80895561590505,committed,committed
2023-05,midmarket_committed,Databricks,external,779,18.400410098250635,committed,committed
2023-05,midmarket_committed,Databricks,iceberg,779,13.337093413275007,committed,committed
2023-05,midmarket_committed,Athena,iceberg,1293,30.873120433887266,committed,committed
2023-05,midmarket_committed,Athena,delta,1293,22.7106464134733,committed,committed
2023-05,midmarket_committed,Athena,parquet,1293,30.128368648718958,committed,committed
2023-05,midmarket_committed,Athena,hudi,1293,11.642073567838505,committed,committed
2023-05,midmarket_on_demand,BigQuery,native,1240,28.964446875123894,demand,on_demand
2023-05,midmarket_on_demand,BigQuery,external,727,15.403150731518213,demand,on_demand
2023-05,midmarket_on_demand,Snowflake,native,1291,13.144874784225458,demand,on_demand
2023-05,midmarket_on_demand,Snowflake,external,602,10.760094285461307,demand,on_demand
2023-05,midmarket_on_demand,Databricks,delta,654,9.556289187843982,demand,on_demand
2023-05,midmarket_on_demand,Databricks,external,400,6.589831006192143,demand,on_demand
2023-05,midmarket_on_demand,Databricks,iceberg,400,7.00690932094664,demand,on_demand
2023-05,midmarket_on_demand,Athena,iceberg,416,8.763615390268145,demand,on_demand
2023-05,midmarket_on_demand,Athena,delta,416,6.131753395190916,demand,on_demand
2023-05,midmarket_on_demand,Athena,parquet,416,7.847801835699845,demand,on_demand
2023-05,midmarket_on_demand,Athena,hudi,416,4.255577656726815,demand,on_demand
2023-05,startup_credits,BigQuery,native,137,2.1084084169043638,credits,on_demand
2023-05,startup_credits,BigQuery,external,149,1.8300810939994332,credits,on_demand
2023-05,startup_credits,Snowflake,native,171,2.4755518794278375,credits,on_demand
2023-05,startup_credits,Snowflake,external,152,3.5629248325963134,credits,on_demand
2023-05,startup_credits,Databricks,delta,76,1.338153123624918,credits,on_demand
2023-05,startup_credits,Databricks,external,89,1.2792303735491655,credits,on_demand
2023-05,startup_credits,Databricks,iceberg,89,0.7325084421730336,credits,on_demand
2023-05,startup_credits,Athena,iceberg,78,0.778998705096404,credits,on_demand
2023-05,startup_credits,Athena,delta,78,0.40981929473211964,credits,on_demand
2023-05,startup_credits,Athena,parquet,78,0.8277307397546072,credits,on_demand
2023-05,startup_credits,Athena,hudi,78,0.9596856908043928,credits,on_demand
2023-06,enterprise_committed,BigQuery,native,20059,121.75308065570798,committed,committed
2023-06,enterprise_committed,BigQuery,external,3963,82.12444767545733,committed,committed
2023-06,enterprise_committed,Snowflake,native,27180,614.0758331245908,committed,committed
2023-06,enterprise_committed,Snowflake,external,3382,42.299873040652884,committed,committed
2023-06,enterprise_committed,Databricks,delta,15379,192.19396017605123,committed,committed
2023-06,enterprise_committed,Databricks,external,4140,85.04303017630191,committed,committed
2023-06,enterprise_committed,Databricks,iceberg,4140,52.24857747705942,committed,committed
2023-06,enterprise_committed,Athena,iceberg,9079,199.81374000652218,committed,committed
2023-06,enterprise_committed,Athena,delta,9079,92.32162779928184,committed,committed
2023-06,enterprise_committed,Athena,parquet,9079,156.57093737971888,committed,committed
2023-06,enterprise_committed,Athena,hudi,9079,105.75135459220041,committed,committed
2023-06,enterprise_on_demand,BigQuery,native,8792,63.2071412578409,demand,on_demand
2023-06,enterprise_on_demand,BigQuery,external,4220,89.41040837105032,demand,on_demand
2023-06,enterprise_on_demand,Snowflake,native,8769,53.36789654473008,demand,on_demand
2023-06,enterprise_on_demand,Snowflake,external,3273,29.568321013581976,demand,on_demand
2023-06,enterprise_on_demand,Databricks,delta,8050,131.04688195461833,demand,on_demand
2023-06,enterprise_on_demand,Databricks,external,4025,81.40404344888242,demand,on_demand
2023-06,enterprise_on_demand,Databricks,iceberg,4025,37.06493783715891,demand,on_demand
2023-06,enterprise_on_demand,Athena,iceberg,4163,100.7704169071537,demand,on_demand
2023-06,enterprise_on_demand,Athena,delta,4163,91.19400446903703,demand,on_demand
2023-06,enterprise_on_demand,Athena,parquet,4163,67.42138742117595,demand,on_demand
2023-06,enterprise_on_demand,Athena,hudi,4163,39.10349585450372,demand,on_demand
2023-06,midmarket_committed,BigQuery,native,3220,19.541663665413243,committed,committed
2023-06,midmarket_committed,BigQuery,external,901,12.34692573402876,committed,committed
2023-06,midmarket_committed,Snowflake,native,3512,62.481128014377106,committed,committed
2023-06,midmarket_committed,Snowflake,external,693,14.115754253699947,committed,committed
2023-06,midmarket_committed,Databricks,delta,2472,57.76938734376439,committed,committed
2023-06,midmarket_committed,Databricks,external,824,16.533117526008525,committed,committed
2023-06,midmarket_committed,Databricks,iceberg,824,18.61547212705672,committed,committed
2023-06,midmarket_committed,Athena,iceberg,1142,26.431961015705998,committed,committed
2023-06,midmarket_committed,Athena,delta,1142,12.035324770690986,committed,committed
2023-06,midmarket_committed,Athena,parquet,1142,16.460413990316354,committed,committed
2023-06,midmarket_committed,Athena,hudi,1142,13.740402912152849,committed,committed
2023-06,midmarket_on_demand,BigQuery,native,1272,12.140754408021026,demand,on_demand
2023-06,midmarket_on_demand,BigQuery,external,767,7.148233161139195,demand,on_demand
2023-06,midmarket_on_demand,Snowflake,native,1170,10.00725512305764,demand,on_demand
2023-06,midmarket_on_demand,Snowflake,external,561,8.08360748261809,demand,on_demand
2023-06,midmarket_on_demand,Databricks,delta,779,11.290700579921275,demand,on_demand
2023-06,midmarket_on_demand,Databricks,external,476,8.964824564119315,demand,on_demand
2023-06,midmarket_on_demand,Databricks,iceberg,476,7.944861445106502,demand,on_demand
2023-06,midmarket_on_demand,Athena,iceberg,576,4.381606763573676,demand,on_demand
2023-06,midmarket_on_demand,Athena,delta,576,8.808093085421907,demand,on_demand
2023-06,midmarket_on_demand,Athena,parquet,576,11.469861759011375,demand,on_demand
2023-06,midmarket_on_demand,Athena,hudi,576,3.6093814675777978,demand,on_demand
2023-06,startup_credits,BigQuery,native,126,2.930862200764494,credits,on_demand
2023-06,startup_credits,BigQuery,external,141,1.6869370955346354,credits,on_demand
2023-06,startup_credits,Snowflake,native,138,3.248467174397205,credits,on_demand
2023-06,startup_credits,Snowflake,external,126,2.5732434198253054,credits,on_demand
2023-06,startup_credits,Databricks,delta,107,1.0261956963343055,credits,on_demand
2023-06,startup_credits,Databricks,external,126,0.672308939042443,credits,on_demand
2023-06,startup_credits,Databricks,iceberg,126,1.098216871355995,credits,on_demand
2023-06,startup_credits,Athena,iceberg,85,1.9044922973151197,credits,on_demand
2023-06,startup_credits,Athena,delta,85,0.7481330004552089,credits,on_demand
2023-06,startup_credits,Athena,parquet,85,0.6042024004491359,credits,on_demand
2023-06,startup_credits,Athena,hudi,85,0.8218058887844969,credits,on_demand
2023-07,enterprise_committed,BigQuery,native,24914,601.969793676656,committed,committed
2023-07,enterprise_committed,BigQuery,external,5055,56.902613441618435,committed,committed
2023-07,enterprise_committed,Snowflake,native,23262,356.5758145026581,committed,committed
2023-07,enterprise_committed,Snowflake,external,2971,53.00043654087818,committed,committed
2023-07,enterprise_committed,Databricks,delta,16246,150.88755658232373,committed,committed
2023-07,enterprise_committed,Databricks,external,4373,58.71114818155442,committed,committed
2023-07,enterprise_committed,Databricks,iceberg,4373,50.571531490301226,committed,committed
2023-07,enterprise_committed,Athena,iceberg,9509,126.98358835455177,committed,committed
2023-07,enterprise_committed,Athena,delta,9509,65.97184208779947,committed,committed
2023-07,enterprise_committed,Athena,parquet,9509,125.98023603690002,committed,committed
2023-07,enterprise_committed,Athena,hudi,9509,185.59008234341346,committed,committed
2023-07,enterprise_on_demand,BigQuery,native,11363,174.34063853735918,demand,on_demand
2023-07,enterprise_on_demand,BigQuery,external,5599,131.19491197938257,demand,on_demand
2023-07,enterprise_on_demand,Snowflake,native,9706,188.468651582407,demand,on_demand
2023-07,enterprise_on_demand,Snowflake,external,3720,56.81603911113694,demand,on_demand
2023-07,enterprise_on_demand,Databricks,delta,9193,89.82873949680305,demand,on_demand
2023-07,enterprise_on_demand,Databricks,external,4596,66.09843436089278,demand,on_demand
2023-07,enterprise_on_demand,Databricks,iceberg,4596,34.75876502800835,demand,on_demand
2023-07,enterprise_on_demand,Athena,iceberg,4663,108.04349863898942,demand,on_demand
2023-07,enterprise_on_demand,Athena,delta,4663,96.08033474870108,demand,on_demand
2023-07,enterprise_on_demand,Athena,parquet,4663,25.930190945382197,demand,on_demand
2023-07,enterprise_on_demand,Athena,hudi,4663,61.42075896886575,demand,on_demand
2023-07,midmarket_committed,BigQuery,native,4155,89.1009538032009,committed,committed
2023-07,midmarket_committed,BigQuery,external,1193,16.961410799155242,committed,committed
2023-07,midmarket_committed,Snowflake,native,3052,62.84464940132979,committed,committed
2023-07,midmarket_committed,Snowflake,external,618,10.712217980166384,committed,committed
2023-07,midmarket_committed,Databricks,delta,3178,67.318070300682,committed,committed
2023-07,midmarket_committed,Databricks,external,1059,26.170089421376286,committed,committed
2023-07,midmarket_committed,Databricks,iceberg,1059,25.9759729526998,committed,committed
2023-07,midmarket_committed,Athena,iceberg,1215,22.855888721858474,committed,committed
2023-07,midmarket_committed,Athena,delta,1215,16.750979169337022,committed,committed
2023-07,midmarket_committed,Athena,parquet,1215,15.222165714795734,committed,committed
2023-07,midmarket_committed,Athena,hudi,1215,7.642881448349167,committed,committed
2023-07,midmarket_on_demand,BigQuery,native,934,7.319488515353991,demand,on_demand
2023-07,midmarket_on_demand,BigQuery,external,577,13.348695151408366,demand,on_demand
2023-07,midmarket_on_demand,Snowflake,native,1205,21.36378768092321,demand,on_demand
2023-07,midmarket_on_demand,Snowflake,external,593,7.476617682327874,demand,on_demand
2023-07,midmarket_on_demand,Databricks,delta,773,18.62455934213216,demand,on_demand
2023-07,midmarket_on_demand,Databricks,external,472,9.498509549191434,demand,on_demand
2023-07,midmarket_on_demand,Databricks,iceberg,472,7.011211851164225,demand,on_demand
2023-07,midmarket_on_demand,Athena,iceberg,534,7.12508152418923,demand,on_demand
2023-07,midmarket_on_demand,Athena,delta,534,11.41367545009623,demand,on_demand
2023-07,midmarket_on_demand,Athena,parquet,534,8.775890253099412,demand,on_demand
2023-07,midmarket_on_demand,Athena,hudi,534,4.634812332530783,demand,on_demand
2023-07,startup_credits,BigQuery,native,172,4.274601465671895,credits,on_demand
2023-07,startup_credits,BigQuery,external,197,2.2784200915543886,credits,on_demand
2023-07,startup_credits,Snowflake,native,195,3.512934370862717,credits,on_demand
2023-07,startup_credits,Snowflake,external,184,4.051668734365762,credits,on_demand
2023-07,startup_credits,Databricks,delta,94,0.67680608616137,credits,on_demand
2023-07,startup_credits,Databricks,external,110,1.9539637065408653,credits,on_demand
2023-07,startup_credits,Databricks,iceberg,110,2.6021424564669795,credits,on_demand
2023-07,startup_credits,Athena,iceberg,85,0.5791941664997594,credits,on_demand
2023-07,startup_credits,Athena,delta,85,1.3897844594666533,credits,on_demand
2023-07,startup_credits,Athena,parquet,85,0.7284695487605255,credits,on_demand
2023-07,startup_credits,Athena,hudi,85,1.0263572923309687,credits,on_demand
2023-08,enterprise_committed,BigQuery,native,19326,434.77662138692455,committed,committed
2023-08,enterprise_committed,BigQuery,external,4023,74.45655719316053,committed,committed
2023-08,enterprise_committed,Snowflake,native,19828,331.5865421150072,committed,committed
2023-08,enterprise_committed,Snowflake,external,2599,61.45830466971705,committed,committed
2023-08,enterprise_committed,Databricks,delta,17353,286.8953046949246,committed,committed
2023-08,enterprise_committed,Databricks,external,4671,82.30784444099122,committed,committed
2023-08,enterprise_committed,Databricks,iceberg,4671,73.73960879370611,committed,committed
2023-08,enterprise_committed,Athena,iceberg,9054,179.35547182422926,committed,committed
2023-08,enterprise_committed,Athena,delta,9054,81.31427439262737,committed,committed
2023-08,enterprise_committed,Athena,parquet,9054,103.53276733058763,committed,committed
2023-08,enterprise_committed,Athena,hudi,9054,173.97520943806597,committed,committed
2023-08,enterprise_on_demand,BigQuery,native,8096,165.49412822884833,demand,on_demand
2023-08,enterprise_on_demand,BigQuery,external,4093,84.09163984185975,demand,on_demand
2023-08,enterprise_on_demand,Snowflake,native,10142,187.8363349817222,demand,on_demand
2023-08,enterprise_on_demand,Snowflake,external,3988,26.541243727139364,demand,on_demand
2023-08,enterprise_on_demand,Databricks,delta,7557,143.6794895892145,demand,on_demand
2023-08,enterprise_on_demand,Databricks,external,3778,42.47000468066994,demand,on_demand
2023-08,enterprise_on_demand,Databricks,iceberg,3778,40.754698098251644,demand,on_demand
2023-08,enterprise_on_demand,Athena,iceberg,4338,70.6574369335853,demand,on_demand
2023-08,enterprise_on_demand,Athena,delta,4338,46.819402076024765,demand,on_demand
2023-08,enterprise_on_demand,Athena,parquet,4338,80.53729941094586,demand,on_demand
2023-08,enterprise_on_demand,Athena,hudi,4338,31.481588246587744,demand,on_demand
2023-08,midmarket_committed,BigQuery,native,3730,50.15508309098568,committed,committed
2023-08,midmarket_committed,BigQuery,external,1099,25.23849964657188,committed,committed
2023-08,midmarket_committed,Snowflake,native,3517,76.88764699443821,committed,committed
2023-08,midmarket_committed,Snowflake,external,731,14.603992738321011,committed,committed
2023-08,midmarket_committed,Databricks,delta,3233,45.86351538301962,committed,committed
2023-08,midmarket_committed,Databricks,external,1077,17.447463266900876,committed,committed
2023-08,midmarket_committed,Databricks,iceberg,1077,19.573783834751303,committed,committed
2023-08,midmarket_committed,Athena,iceberg,1652,33.187016895836074,committed,committed
2023-08,midmarket_committed,Athena,delta,1652,15.357468592488939,committed,committed
2023-08,midmarket_committed,Athena,parquet,1652,15.031609856542655,committed,committed
2023-08,midmarket_committed,Athena,hudi,1652,25.627339603162024,committed,committed
2023-08,midmarket_on_demand,BigQuery,native,923,11.740485562364196,demand,on_demand
2023-08,midmarket_on_demand,BigQuery,external,585,9.497874380838265,demand,on_demand
2023-08,midmarket_on_demand,Snowflake,native,1171,17.139429691199116,demand,on_demand
2023-08,midmarket_on_demand,Snowflake,external,592,5.862908665559689,demand,on_demand
2023-08,midmarket_on_demand,Databricks,delta,1084,19.67150581851323,demand,on_demand
2023-08,midmarket_on_demand,Databricks,external,663,9.432096734547954,demand,on_demand
2023-08,midmarket_on_demand,Databricks,iceberg,663,14.233748003779118,demand,on_demand
2023-08,midmarket_on_demand,Athena,iceberg,579,10.838074365553194,demand,on_demand
2023-08,midmarket_on_demand,Athena,delta,579,7.723519358392923,demand,on_demand
2023-08,midmarket_on_demand,Athena,parquet,579,4.79497576682194,demand,on_demand
2023-08,midmarket_on_demand,Athena,hudi,579,8.852416280156968,demand,on_demand
2023-08,startup_credits,BigQuery,native,126,1.1508069875645655,credits,on_demand
2023-08,startup_credits,BigQuery,external,148,1.9243444863404737,credits,on_demand
2023-08,startup_credits,Snowflake,native,176,4.0246495078245,credits,on_demand
2023-08,startup_credits,Snowflake,external,169,0.9620650380648291,credits,on_demand
2023-08,startup_credits,Databricks,delta,108,2.1996338365644315,credits,on_demand
2023-08,startup_credits,Databricks,external,126,1.0303562149376466,credits,on_demand
2023-08,startup_credits,Databricks,iceberg,126,1.2673228342243337,credits,on_demand
2023-08,startup_credits,Athena,iceberg,100,0.9963802224163435,credits,on_demand
2023-08,startup_credits,Athena,delta,100,2.1569527223064124,credits,on_demand
2023-08,startup_credits,Athena,parquet,100,1.2597925514837238,credits,on_demand
2023-08,startup_credits,Athena,hudi,100,2.047740829395236,credits,on_demand
2023-09,enterprise_committed,BigQuery,native,22446,459.38505387810403,committed,committed
2023-09,enterprise_committed,BigQuery,external,4792,57.62271396658414,committed,committed
2023-09,enterprise_committed,Snowflake,native,28763,363.35586709421165,committed,committed
2023-09,enterprise_committed,Snowflake,external,3865,67.75994840861684,committed,committed
2023-09,enterprise_committed,Databricks,delta,20787,390.45418953182445,committed,committed
2023-09,enterprise_committed,Databricks,external,5596,85.72684646859828,committed,committed
2023-09,enterprise_committed,Databricks,iceberg,5596,50.9369181149946,committed,committed
2023-09,enterprise_committed,Athena,iceberg,7268,146.6974137146479,committed,committed
2023-09,enterprise_committed,Athena,delta,7268,136.37812883917584,committed,committed
2023-09,enterprise_committed,Athena,parquet,7268,118.83125546257621,committed,committed
2023-09,enterprise_committed,Athena,hudi,7268,164.68889676773875,committed,committed
2023-09,enterprise_on_demand,BigQuery,native,7937,196.41741677451552,demand,on_demand
2023-09,enterprise_on_demand,BigQuery,external,4115,54.6327749829516,demand,on_demand
2023-09,enterprise_on_demand,Snowflake,native,10938,173.66565808586208,demand,on_demand
2023-09,enterprise_on_demand,Snowflake,external,4411,71.7460199561452,demand,on_demand
2023-09,enterprise_on_demand,Databricks,delta,9042,192.17251776657568,demand,on_demand
2023-09,enterprise_on_demand,Databricks,external,4520,80.29063308997272,demand,on_demand
2023-09,enterprise_on_demand,Databricks,iceberg,4520,69.69978187373621,demand,on_demand
2023-09,enterprise_on_demand,Athena,iceberg,3613,31.209420836395072,demand,on_demand
2023-09,enterprise_on_demand,Athena,delta,3613,49.398460829594356,demand,on_demand
2023-09,enterprise_on_demand,Athena,parquet,3613,74.46891752891752,demand,on_demand
2023-09,enterprise_on_demand,Athena,hudi,3613,29.038600368590515,demand,on_demand
2023-09,midmarket_committed,BigQuery,native,3138,31.07140156720641,committed,committed
2023-09,midmarket_committed,BigQuery,external,948,16.56224856693175,committed,committed
2023-09,midmarket_committed,Snowflake,native,3609,70.99871750015662,committed,committed
2023-09,midmarket_committed,Snowflake,external,770,16.23953139493168,committed,committed
2023-09,midmarket_committed,Databricks,delta,3597,24.826861023813283,committed,committed
2023-09,midmarket_committed,Databricks,external,1199,23.119414354007702,committed,committed
2023-09,midmarket_committed,Databricks,iceberg,1199,27.902506320377565,committed,committed
2023-09,midmarket_committed,Athena,iceberg,1554,31.054231752647624,committed,committed
2023-09,midmarket_committed,Athena,delta,1554,32.51543167375692,committed,committed
2023-09,midmarket_committed,Athena,parquet,1554,12.406102081936048,committed,committed
2023-09,midmarket_committed,Athena,hudi,1554,8.43416230077282,committed,committed
2023-09,midmarket_on_demand,BigQuery,native,1166,14.690803323052261,demand,on_demand
2023-09,midmarket_on_demand,BigQuery,external,758,4.843601779324086,demand,on_demand
2023-09,midmarket_on_demand,Snowflake,native,1267,20.751360936944586,demand,on_demand
2023-09,midmarket_on_demand,Snowflake,external,655,4.445963484164698,demand,on_demand
2023-09,midmarket_on_demand,Databricks,delta,851,8.021190522543385,demand,on_demand
2023-09,midmarket_on_demand,Databricks,external,520,5.926799956985213,demand,on_demand
2023-09,midmarket_on_demand,Databricks,iceberg,520,3.8506892881231116,demand,on_demand
2023-09,midmarket_on_demand,Athena,iceberg,490,12.192174862392507,demand,on_demand
2023-09,midmarket_on_demand,Athena,delta,490,9.233926649071677,demand,on_demand
2023-09,midmarket_on_demand,Athena,parquet,490,5.4496032466231865,demand,on_demand
2023-09,midmarket_on_demand,Athena,hudi,490,6.425622588541545,demand,on_demand
2023-09,startup_credits,BigQuery,native,149,3.03675401310688,credits,on_demand
2023-09,startup_credits,BigQuery,external,180,3.3304526765048417,credits,on_demand
2023-09,startup_credits,Snowflake,native,189,4.082423133688136,credits,on_demand
2023-09,startup_credits,Snowflake,external,186,4.543773946506187,credits,on_demand
2023-09,startup_credits,Databricks,delta,127,2.383110106739979,credits,on_demand
2023-09,startup_credits,Databricks,external,147,2.93118410377543,credits,on_demand
2023-09,startup_credits,Databricks,iceberg,147,3.6003475779927103,credits,on_demand
2023-09,startup_credits,Athena,iceberg,116,2.364785936360558,credits,on_demand
2023-09,startup_credits,Athena,delta,116,2.745669257232574,credits,on_demand
2023-09,startup_credits,Athena,parquet,116,2.859034838876331,credits,on_demand
2023-09,startup_credits,Athena,hudi,116,1.4796220405450895,credits,on_demand
2023-10,enterprise_committed,BigQuery,native,20278,263.5165923927006,committed,committed
2023-10,enterprise_committed,BigQuery,external,4436,95.85806050057627,committed,committed
2023-10,enterprise_committed,Snowflake,native,21833,147.08843567491624,committed,committed
2023-10,enterprise_committed,Snowflake,external,3007,20.28483346781031,committed,committed
2023-10,enterprise_committed,Databricks,delta,24989,327.7610506061477,committed,committed
2023-10,enterprise_committed,Databricks,external,6727,70.1233822766862,committed,committed
2023-10,enterprise_committed,Databricks,iceberg,6727,162.3493506059327,committed,committed
2023-10,enterprise_committed,Athena,iceberg,8404,94.4133399239811,committed,committed
2023-10,enterprise_committed,Athena,delta,8404,185.32677698379675,committed,committed
2023-10,enterprise_committed,Athena,parquet,8404,195.6666358269758,committed,committed
2023-10,enterprise_committed,Athena,hudi,8404,159.20385317045734,committed,committed
2023-10,enterprise_on_demand,BigQuery,native,8301,115.78689337095629,demand,on_demand
2023-10,enterprise_on_demand,BigQuery,external,4410,29.743776248251116,demand,on_demand
2023-10,enterprise_on_demand,Snowflake,native,11826,204.9967201671464,demand,on_demand
2023-10,enterprise_on_demand,Snowflake,external,4888,43.67792530616153,demand,on_demand
2023-10,enterprise_on_demand,Databricks,delta,8122,112.69953383443556,demand,on_demand
2023-10,enterprise_on_demand,Databricks,external,4061,88.24681962662798,demand,on_demand
2023-10,enterprise_on_demand,Databricks,iceberg,4061,48.91853935899813,demand,on_demand
2023-10,enterprise_on_demand,Athena,iceberg,4357,88.28881535034958,demand,on_demand
2023-10,enterprise_on_demand,Athena,delta,4357,108.80074885942014,demand,on_demand
2023-10,enterprise_on_demand,Athena,parquet,4357,61.71952113044156,demand,on_demand
2023-10,enterprise_on_demand,Athena,hudi,4357,104.10398030729523,demand,on_demand
2023-10,midmarket_committed,BigQuery,native,3677,55.02138586275989,committed,committed
2023-10,midmarket_committed,BigQuery,external,1139,10.06782999157724,committed,committed
2023-10,midmarket_committed,Snowflake,native,4252,49.10463049296847,committed,committed
2023-10,midmarket_committed,Snowflake,external,930,9.573838730735057,committed,committed
2023-10,midmarket_committed,Databricks,delta,3352,42.42065622810889,committed,committed
2023-10,midmarket_committed,Databricks,external,1117,14.312334222977746,committed,committed
2023-10,midmarket_committed,Databricks,iceberg,1117,12.103387213680605,committed,committed
2023-10,midmarket_committed,Athena,iceberg,1608,38.3050868290508,committed,committed
2023-10,midmarket_committed,Athena,delta,1608,25.004157253239757,committed,committed
2023-10,midmarket_committed,Athena,parquet,1608,14.674130410474177,committed,committed
2023-10,midmarket_committed,Athena,hudi,1608,23.68762594842807,committed,committed
2023-10,midmarket_on_demand,BigQuery,native,1141,26.44202385235975,demand,on_demand
2023-10,midmarket_on_demand,BigQuery,external,761,17.64656917166796,demand,on_demand
2023-10,midmarket_on_demand,Snowflake,native,1367,14.233492622653385,demand,on_demand
2023-10,midmarket_on_demand,Snowflake,external,725,6.395983225363238,demand,on_demand
2023-10,midmarket_on_demand,Databricks,delta,848,16.46407842812269,demand,on_demand
2023-10,midmarket_on_demand,Databricks,external,518,10.614936222770892,demand,on_demand
2023-10,midmarket_on_demand,Databricks,iceberg,518,5.373497503622042,demand,on_demand
2023-10,midmarket_on_demand,Athena,iceberg,618,12.113203688881281,demand,on_demand
2023-10,midmarket_on_demand,Athena,delta,618,4.79491429879213,demand,on_demand
2023-10,midmarket_on_demand,Athena,parquet,618,9.561283699412558,demand,on_demand
2023-10,midmarket_on_demand,Athena,hudi,618,7.496406682934709,demand,on_demand
2023-10,startup_credits,BigQuery,native,135,2.976739942129507,credits,on_demand
2023-10,startup_credits,BigQuery,external,167,3.636795109013077,credits,on_demand
2023-10,startup_credits,Snowflake,native,216,5.233062786958665,credits,on_demand
2023-10,startup_credits,Snowflake,external,219,3.664545030178602,credits,on_demand
2023-10,startup_credits,Databricks,delta,133,2.1900831657637263,credits,on_demand
2023-10,startup_credits,Databricks,external,156,1.6608409158955375,credits,on_demand
2023-10,startup_credits,Databricks,iceberg,156,3.547438570161822,credits,on_demand
2023-10,startup_credits,Athena,iceberg,100,1.6084042629491428,credits,on_demand
2023-10,startup_credits,Athena,delta,100,1.6956667766462425,credits,on_demand
2023-10,startup_credits,Athena,parquet,100,2.1717993156019872,credits,on_demand
2023-10,startup_credits,Athena,hudi,100,1.9468830446577174,credits,on_demand
2023-11,enterprise_committed,BigQuery,native,22825,284.4812356137194,committed,committed
2023-11,enterprise_committed,BigQuery,external,5114,113.91257396938792,committed,committed
2023-11,enterprise_committed,Snowflake,native,21228,269.7874830865501,committed,committed
2023-11,enterprise_committed,Snowflake,external,2994,48.07598465395076,committed,committed
2023-11,enterprise_committed,Databricks,delta,18475,301.5283653034139,committed,committed
2023-11,enterprise_committed,Databricks,external,4974,57.080948181432674,committed,committed
2023-11,enterprise_committed,Databricks,iceberg,4974,58.920754475087314,committed,committed
2023-11,enterprise_committed,Athena,iceberg,10038,190.8118604828466,committed,committed
2023-11,enterprise_committed,Athena,delta,10038,177.7965426832285,committed,committed
2023-11,enterprise_committed,Athena,parquet,10038,213.94672145270374,committed,committed
2023-11,enterprise_committed,Athena,hudi,10038,206.63919968692,committed,committed
2023-11,enterprise_on_demand,BigQuery,native,8090,77.02491223960126,demand,on_demand
2023-11,enterprise_on_demand,BigQuery,external,4403,33.19079225834271,demand,on_demand
2023-11,enterprise_on_demand,Snowflake,native,11117,264.2484038744007,demand,on_demand
2023-11,enterprise_on_demand,Snowflake,external,4705,65.0215132632118,demand,on_demand
2023-11,enterprise_on_demand,Databricks,delta,8322,68.65247934013149,demand,on_demand
2023-11,enterprise_on_demand,Databricks,external,4160,73.59438179419847,demand,on_demand
2023-11,enterprise_on_demand,Databricks,iceberg,4160,75.96368566394814,demand,on_demand
2023-11,enterprise_on_demand,Athena,iceberg,4568,77.45014863202216,demand,on_demand
2023-11,enterprise_on_demand,Athena,delta,4568,60.79316294668892,demand,on_demand
2023-11,enterprise_on_demand,Athena,parquet,4568,51.362808617842624,demand,on_demand
2023-11,enterprise_on_demand,Athena,hudi,4568,89.95328590419584,demand,on_demand
2023-11,midmarket_committed,BigQuery,native,4476,66.12752580198291,committed,committed
2023-11,midmarket_committed,BigQuery,external,1421,26.410406739333908,committed,committed
2023-11,midmarket_committed,Snowflake,native,4170,30.594644681349216,committed,committed
2023-11,midmarket_committed,Snowflake,external,934,21.263194047401267,committed,committed
2023-11,midmarket_committed,Databricks,delta,3651,81.48089614401124,committed,committed
2023-11,midmarket_committed,Databricks,external,1216,22.05040732626144,committed,committed
2023-11,midmarket_committed,Databricks,iceberg,1216,15.330522534018495,committed,committed
2023-11,midmarket_committed,Athena,iceberg,1804,25.546205965701052,committed,committed
2023-11,midmarket_committed,Athena,delta,1804,21.426184958951506,committed,committed
2023-11,midmarket_committed,Athena,parquet,1804,35.91400373503805,committed,committed
2023-11,midmarket_committed,Athena,hudi,1804,40.233907071340134,committed,committed
2023-11,midmarket_on_demand,BigQuery,native,1034,9.569258365371626,demand,on_demand
2023-11,midmarket_on_demand,BigQuery,external,707,4.984883344689915,demand,on_demand
2023-11,midmarket_on_demand,Snowflake,native,1183,23.11581641238219,demand,on_demand
2023-11,midmarket_on_demand,Snowflake,external,642,11.777597279796042,demand,on_demand
2023-11,midmarket_on_demand,Databricks,delta,981,13.576434937348479,demand,on_demand
2023-11,midmarket_on_demand,Databricks,external,599,8.408415182188467,demand,on_demand
2023-11,midmarket_on_demand,Databricks,iceberg,599,9.887570314586378,demand,on_demand
2023-11,midmarket_on_demand,Athena,iceberg,552,5.177857938438627,demand,on_demand
2023-11,midmarket_on_demand,Athena,delta,552,13.60441756729378,demand,on_demand
2023-11,midmarket_on_demand,Athena,parquet,552,5.268598506656489,demand,on_demand
2023-11,midmarket_on_demand,Athena,hudi,552,11.972842479534195,demand,on_demand
2023-11,startup_credits,BigQuery,native,163,3.762728835457502,credits,on_demand
2023-11,startup_credits,BigQuery,external,207,3.9276847886744575,credits,on_demand
2023-11,startup_credits,Snowflake,native,151,1.5633600735827657,credits,on_demand
2023-11,startup_credits,Snowflake,external,156,1.0780869364024017,credits,on_demand
2023-11,startup_credits,Databricks,delta,139,3.1352074423392,credits,on_demand
2023-11,startup_credits,Databricks,external,162,1.1472086054748758,credits,on_demand
2023-11,startup_credits,Databricks,iceberg,162,3.8836074266786467,credits,on_demand
2023-11,startup_credits,Athena,iceberg,118,1.694576402011691,credits,on_demand
2023-11,startup_credits,Athena,delta,118,0.7834832830119902,credits,on_demand
2023-11,startup_credits,Athena,parquet,118,2.497211105748705,credits,on_demand
2023-11,startup_credits,Athena,hudi,118,2.464903612032072,credits,on_demand
2023-12,enterprise_committed,BigQuery,native,20165,463.1260655534732,committed,committed
2023-12,enterprise_committed,BigQuery,external,4625,33.089575936155896,committed,committed
2023-12,enterprise_committed,Snowflake,native,21905,333.1184356744263,committed,committed
2023-12,enterprise_committed,Snowflake,external,3162,35.43363825372992,committed,committed
2023-12,enterprise_committed,Databricks,delta,28064,658.2393592316348,committed,committed
2023-12,enterprise_committed,Databricks,external,7555,163.97808061512833,committed,committed
2023-12,enterprise_committed,Databricks,iceberg,7555,128.02515445792557,committed,committed
2023-12,enterprise_committed,Athena,iceberg,10368,109.3609133987292,committed,committed
2023-12,enterprise_committed,Athena,delta,10368,217.4992706685116,committed,committed
2023-12,enterprise_committed,Athena,parquet,10368,247.44796627934537,committed,committed
2023-12,enterprise_committed,Athena,hudi,10368,180.17468780852093,committed,committed
2023-12,enterprise_on_demand,BigQuery,native,8869,176.18056386894108,demand,on_demand
2023-12,enterprise_on_demand,BigQuery,external,4941,108.63899877957256,demand,on_demand
2023-12,enterprise_on_demand,Snowflake,native,8813,200.97592220262885,demand,on_demand
2023-12,enterprise_on_demand,Snowflake,external,3818,20.165254943469733,demand,on_demand
2023-12,enterprise_on_demand,Databricks,delta,9904,93.2412093437035,demand,on_demand
2023-12,enterprise_on_demand,Databricks,external,4951,94.0220828582335,demand,on_demand
2023-12,enterprise_on_demand,Databricks,iceberg,4951,106.78618975897241,demand,on_demand
2023-12,enterprise_on_demand,Athena,iceberg,4856,76.83128434280516,demand,on_demand
2023-12,enterprise_on_demand,Athena,delta,4856,77.94864196387027,demand,on_demand
2023-12,enterprise_on_demand,Athena,parquet,4856,115.12822874377402,demand,on_demand
2023-12,enterprise_on_demand,Athena,hudi,4856,49.74890278571383,demand,on_demand
2023-12,midmarket_committed,BigQuery,native,3965,70.31146198966654,committed,committed
2023-12,midmarket_committed,BigQuery,external,1288,12.29170869820029,committed,committed
2023-12,midmarket_committed,Snowflake,native,3982,60.63100962576043,committed,committed
2023-12,midmarket_committed,Snowflake,external,912,13.832767043871497,committed,committed
2023-12,midmarket_committed,Databricks,delta,3988,56.92990005288621,committed,committed
2023-12,midmarket_committed,Databricks,external,1328,11.252498212236032,committed,committed
2023-12,midmarket_committed,Databricks,iceberg,1328,18.240094248840258,committed,committed
2023-12,midmarket_committed,Athena,iceberg,1548,19.134497895951412,committed,committed
2023-12,midmarket_committed,Athena,delta,1548,24.998320483924303,committed,committed
2023-12,midmarket_committed,Athena,parquet,1548,7.882674255137389,committed,committed
2023-12,midmarket_committed,Athena,hudi,1548,11.67374058893346,committed,committed
2023-12,midmarket_on_demand,BigQuery,native,1353,25.452966839000343,demand,on_demand
2023-12,midmarket_on_demand,BigQuery,external,947,20.149390863137615,demand,on_demand
2023-12,midmarket_on_demand,Snowflake,native,1432,16.5002614933191,demand,on_demand
2023-12,midmarket_on_demand,Snowflake,external,796,18.40921795051159,demand,on_demand
2023-12,midmarket_on_demand,Databricks,delta,1099,22.90087584672354,demand,on_demand
2023-12,midmarket_on_demand,Databricks,external,672,12.421030861413374,demand,on_demand
2023-12,midmarket_on_demand,Databricks,iceberg,672,6.962222285082117,demand,on_demand
2023-12,midmarket_on_demand,Athena,iceberg,756,15.973169672494478,demand,on_demand
2023-12,midmarket_on_demand,Athena,delta,756,15.093808732947945,demand,on_demand
2023-12,midmarket_on_demand,Athena,parquet,756,7.3493199927635,demand,on_demand
2023-12,midmarket_on_demand,Athena,hudi,756,11.669796325287594,demand,on_demand
2023-12,startup_credits,BigQuery,native,170,1.7896043977615959,credits,on_demand
2023-12,startup_credits,BigQuery,external,221,4.79275249183433,credits,on_demand
2023-12,startup_credits,Snowflake,native,172,1.2833710074403244,credits,on_demand
2023-12,startup_credits,Snowflake,external,183,1.5789914109613061,credits,on_demand
2023-12,startup_credits,Databricks,delta,148,2.9149138091544016,credits,on_demand
2023-12,startup_credits,Databricks,external,172,2.6584642723169485,credits,on_demand
2023-12,startup_credits,Databricks,iceberg,172,3.1636099254465253,credits,on_demand
2023-12,startup_credits,Athena,iceberg,144,2.852484388313716,credits,on_demand
2023-12,startup_credits,Athena,delta,144,2.6613626744257055,credits,on_demand
2023-12,startup_credits,Athena,parquet,144,1.8784715188188332,credits,on_demand
2023-12,startup_credits,Athena,hudi,144,2.089286603811829,credits,on_demand
2024-01,enterprise_committed,BigQuery,native,24014,154.6846146663092,committed,committed
2024-01,enterprise_committed,BigQuery,external,5635,47.029395660172845,committed,committed
2024-01,enterprise_committed,Snowflake,native,26397,472.03793875941096,committed,committed
2024-01,enterprise_committed,Snowflake,external,3900,46.402993493303576,committed,committed
2024-01,enterprise_committed,Databricks,delta,23840,382.57133962321296,committed,committed
2024-01,enterprise_committed,Databricks,external,6418,83.69982535805947,committed,committed
2024-01,enterprise_committed,Databricks,iceberg,6418,101.49235816270024,committed,committed
2024-01,enterprise_committed,Athena,iceberg,9268,148.97061823084096,committed,committed
2024-01,enterprise_committed,Athena,delta,9268,164.4381425659348,committed,committed
2024-01,enterprise_committed,Athena,parquet,9268,114.37722229103314,committed,committed
2024-01,enterprise_committed,Athena,hudi,9268,220.91443914419085,committed,committed
2024-01,enterprise_on_demand,BigQuery,native,11429,223.1552905643186,demand,on_demand
2024-01,enterprise_on_demand,BigQuery,external,6514,155.16515322479185,demand,on_demand
2024-01,enterprise_on_demand,Snowflake,native,11710,222.3118923802247,demand,on_demand
2024-01,enterprise_on_demand,Snowflake,external,5190,46.79741047075642,demand,on_demand
2024-01,enterprise_on_demand,Databricks,delta,10707,260.13479764282414,demand,on_demand
2024-01,enterprise_on_demand,Databricks,external,5353,50.35013590734428,demand,on_demand
2024-01,enterprise_on_demand,Databricks,iceberg,5353,117.49908524432654,demand,on_demand
2024-01,enterprise_on_demand,Athena,iceberg,4721,50.46128656536319,demand,on_demand
2024-01,enterprise_on_demand,Athena,delta,4721,93.53201446191386,demand,on_demand
2024-01,enterprise_on_demand,Athena,parquet,4721,70.42919993734327,demand,on_demand
2024-01,enterprise_on_demand,Athena,hudi,4721,103.17242465399386,demand,on_demand
2024-01,midmarket_committed,BigQuery,native,3515,52.22718833659514,committed,committed
2024-01,midmarket_committed,BigQuery,external,1167,14.948863286084885,committed,committed
2024-01,midmarket_committed,Snowflake,native,3707,78.22291233424096,committed,committed
2024-01,midmarket_committed,Snowflake,external,869,9.921982537972728,committed,committed
2024-01,midmarket_committed,Databricks,delta,3372,17.18091819754019,committed,committed
2024-01,midmarket_committed,Databricks,external,1123,21.17618270966778,committed,committed
2024-01,midmarket_committed,Databricks,iceberg,1123,14.62500635369842,committed,committed
2024-01,midmarket_committed,Athena,iceberg,1596,16.39286240485282,committed,committed
2024-01,midmarket_committed,Athena,delta,1596,35.9526701294665,committed,committed
2024-01,midmarket_committed,Athena,parquet,1596,19.20881932301172,committed,committed
2024-01,midmarket_committed,Athena,hudi,1596,35.749123487605345,committed,committed
2024-01,midmarket_on_demand,BigQuery,native,1356,12.97493635954203,demand,on_demand
2024-01,midmarket_on_demand,BigQuery,external,970,8.112873144905492,demand,on_demand
2024-01,midmarket_on_demand,Snowflake,native,1523,17.96210424985927,demand,on_demand
2024-01,midmarket_on_demand,Snowflake,external,868,19.64751251924517,demand,on_demand
2024-01,midmarket_on_demand,Databricks,delta,1187,29.547035250472245,demand,on_demand
2024-01,midmarket_on_demand,Databricks,external,726,5.0683634704763,demand,on_demand
2024-01,midmarket_on_demand,Databricks,iceberg,726,8.400248481555703,demand,on_demand
2024-01,midmarket_on_demand,Athena,iceberg,679,7.548536662690083,demand,on_demand
2024-01,midmarket_on_demand,Athena,delta,679,4.873520594755545,demand,on_demand
2024-01,midmarket_on_demand,Athena,parquet,679,16.105161773158557,demand,on_demand
2024-01,midmarket_on_demand,Athena,hudi,679,4.6048822204807385,demand,on_demand
2024-01,startup_credits,BigQuery,native,172,3.2624603360137336,credits,on_demand
2024-01,startup_credits,BigQuery,external,228,3.5906749265874933,credits,on_demand
2024-01,startup_credits,Snowflake,native,182,1.4134669371703996,credits,on_demand
2024-01,startup_credits,Snowflake,external,198,1.879677962219896,credits,on_demand
2024-01,startup_credits,Databricks,delta,115,1.6382389646345774,credits,on_demand
2024-01,startup_credits,Databricks,external,135,1.2573304417399083,credits,on_demand
2024-01,startup_credits,Databricks,iceberg,135,1.3094773146787233,credits,on_demand
2024-01,startup_credits,Athena,iceberg,133,1.5942849703358828,credits,on_demand
2024-01,startup_credits,Athena,delta,133,0.7280501498617062,credits,on_demand
2024-01,startup_credits,Athena,parquet,133,2.7278807707907142,credits,on_demand
2024-01,startup_credits,Athena,hudi,133,1.0202755028762198,credits,on_demand
2024-02,enterprise_committed,BigQuery,native,29143,688.3180533206109,committed,committed
2024-02,enterprise_committed,BigQuery,external,6993,166.03923296083582,committed,committed
2024-02,enterprise_committed,Snowflake,native,26730,536.2418931360662,committed,committed
2024-02,enterprise_committed,Snowflake,external,4039,68.73147038253228,committed,committed
2024-02,enterprise_committed,Databricks,delta,20768,145.01167727652526,committed,committed
2024-02,enterprise_committed,Databricks,external,5590,120.59043481058177,committed,committed
2024-02,enterprise_committed,Databricks,iceberg,5590,128.7400348977435,committed,committed
2024-02,enterprise_committed,Athena,iceberg,10229,111.95340077466058,committed,committed
2024-02,enterprise_committed,Athena,delta,10229,165.042982799885,committed,committed
2024-02,enterprise_committed,Athena,parquet,10229,167.7317109694174,committed,committed
2024-02,enterprise_committed,Athena,hudi,10229,182.56668860959016,committed,committed
2024-02,enterprise_on_demand,BigQuery,native,8551,63.1160299813965,demand,on_demand
2024-02,enterprise_on_demand,BigQuery,external,4983,91.70626748275087,demand,on_demand
2024-02,enterprise_on_demand,Snowflake,native,12278,237.3297069216501,demand,on_demand
2024-02,enterprise_on_demand,Snowflake,external,5565,106.24674451588851,demand,on_demand
2024-02,enterprise_on_demand,Databricks,delta,10584,248.32995122367822,demand,on_demand
2024-02,enterprise_on_demand,Databricks,external,5291,41.03696285143633,demand,on_demand
2024-02,enterprise_on_demand,Databricks,iceberg,5291,125.38183389053393,demand,on_demand
2024-02,enterprise_on_demand,Athena,iceberg,5023,112.93554446586957,demand,on_demand
2024-02,enterprise_on_demand,Athena,delta,5023,89.13755246724477,demand,on_demand
2024-02,enterprise_on_demand,Athena,parquet,5023,55.61056393842017,demand,on_demand
2024-02,enterprise_on_demand,Athena,hudi,5023,60.664173382890425,demand,on_demand
2024-02,midmarket_committed,BigQuery,native,4792,104.33728421544666,committed,committed
2024-02,midmarket_committed,BigQuery,external,1629,12.008255443894987,committed,committed
2024-02,midmarket_committed,Snowflake,native,4757,46.98196182327783,committed,committed
2024-02,midmarket_committed,Snowflake,external,1141,13.850588445856138,committed,committed
2024-02,midmarket_committed,Databricks,delta,4124,21.989353818712466,committed,committed
2024-02,midmarket_committed,Databricks,external,1374,10.132196558839981,committed,committed
2024-02,midmarket_committed,Databricks,iceberg,1374,14.50308060891069,committed,committed
2024-02,midmarket_committed,Athena,iceberg,1593,33.29104032943958,committed,committed
2024-02,midmarket_committed,Athena,delta,1593,17.209196985469063,committed,committed
2024-02,midmarket_committed,Athena,parquet,1593,29.77736555636814,committed,committed
2024-02,midmarket_committed,Athena,hudi,1593,18.626873866792458,committed,committed
2024-02,midmarket_on_demand,BigQuery,native,1365,32.363891367860575,demand,on_demand
2024-02,midmarket_on_demand,BigQuery,external,999,17.40598831542796,demand,on_demand
2024-02,midmarket_on_demand,Snowflake,native,1220,24.389661730489706,demand,on_demand
2024-02,midmarket_on_demand,Snowflake,external,709,7.351486953391299,demand,on_demand
2024-02,midmarket_on_demand,Databricks,delta,1100,27.384828556575386,demand,on_demand
2024-02,midmarket_on_demand,Databricks,external,671,10.375148766041365,demand,on_demand
2024-02,midmarket_on_demand,Databricks,iceberg,671,7.760624583632353,demand,on_demand
2024-02,midmarket_on_demand,Athena,iceberg,579,4.454355567650419,demand,on_demand
2024-02,midmarket_on_demand,Athena,delta,579,5.533724908403543,demand,on_demand
2024-02,midmarket_on_demand,Athena,parquet,579,7.334459548693223,demand,on_demand
2024-02,midmarket_on_demand,Athena,hudi,579,5.433574566065846,demand,on_demand
2024-02,startup_credits,BigQuery,native,162,3.869787133551993,credits,on_demand
2024-02,startup_credits,BigQuery,external,220,3.5994155373944507,credits,on_demand
2024-02,startup_credits,Snowflake,native,178,2.4021858831667773,credits,on_demand
2024-02,startup_credits,Snowflake,external,197,3.1335267594034892,credits,on_demand
2024-02,startup_credits,Databricks,delta,148,3.3149576363420725,credits,on_demand
2024-02,startup_credits,Databricks,external,174,4.094982083930516,credits,on_demand
2024-02,startup_credits,Databricks,iceberg,174,2.799826296337462,credits,on_demand
2024-02,startup_credits,Athena,iceberg,150,2.446153078611636,credits,on_demand
2024-02,startup_credits,Athena,delta,150,1.1478636572185872,credits,on_demand
2024-02,startup_credits,Athena,parquet,150,3.0778262586819207,credits,on_demand
2024-02,startup_credits,Athena,hudi,150,3.4598103789861048,credits,on_demand
2024-03,enterprise_committed,BigQuery,native,25507,538.2312811713853,committed,committed
2024-03,enterprise_committed,BigQuery,external,6256,62.60674286657854,committed,committed
2024-03,enterprise_committed,Snowflake,native,22391,182.0168355687561,committed,committed
2024-03,enterprise_committed,Snowflake,external,3456,24.290804586883944,committed,committed
2024-03,enterprise_committed,Databricks,delta,26903,481.06050777036523,committed,committed
2024-03,enterprise_committed,Databricks,external,7243,66.67678717766361,committed,committed
2024-03,enterprise_committed,Databricks,iceberg,7243,62.201145377932114,committed,committed
2024-03,enterprise_committed,Athena,iceberg,11830,170.6997882457437,committed,committed
2024-03,enterprise_committed,Athena,delta,11830,123.38699054276775,committed,committed
2024-03,enterprise_committed,Athena,parquet,11830,135.8837774879745,committed,committed
2024-03,enterprise_committed,Athena,hudi,11830,168.86859367287215,committed,committed
2024-03,enterprise_on_demand,BigQuery,native,11728,137.5555316168832,demand,on_demand
2024-03,enterprise_on_demand,BigQuery,external,6986,133.71392547894834,demand,on_demand
2024-03,enterprise_on_demand,Snowflake,native,9586,154.47246828118742,demand,on_demand
2024-03,enterprise_on_demand,Snowflake,external,4441,93.64621754542287,demand,on_demand
2024-03,enterprise_on_demand,Databricks,delta,9169,206.57927171941049,demand,on_demand
2024-03,enterprise_on_demand,Databricks,external,4584,29.080912169951862,demand,on_demand
2024-03,enterprise_on_demand,Databricks,iceberg,4584,106.53258821775493,demand,on_demand
2024-03,enterprise_on_demand,Athena,iceberg,5525,60.29834171913397,demand,on_demand
2024-03,enterprise_on_demand,Athena,delta,5525,137.10055908869967,demand,on_demand
2024-03,enterprise_on_demand,Athena,parquet,5525,57.04950597992329,demand,on_demand
2024-03,enterprise_on_demand,Athena,hudi,5525,79.45781463588244,demand,on_demand
2024-03,midmarket_committed,BigQuery,native,3935,36.06772032939497,committed,committed
2024-03,midmarket_committed,BigQuery,external,1366,22.450641724821086,committed,committed
2024-03,midmarket_committed,Snowflake,native,3878,54.46480530158771,committed,committed
2024-03,midmarket_committed,Snowflake,external,950,13.51399949040144,committed,committed
2024-03,midmarket_committed,Databricks,delta,4168,83.59483816968402,committed,committed
2024-03,midmarket_committed,Databricks,external,1388,7.365156321138228,committed,committed
2024-03,midmarket_committed,Databricks,iceberg,1388,31.12249665412315,committed,committed
2024-03,midmarket_committed,Athena,iceberg,1516,21.969366438961718,committed,committed
2024-03,midmarket_committed,Athena,delta,1516,11.747584160727971,committed,committed
2024-03,midmarket_committed,Athena,parquet,1516,12.2003008123172,committed,committed
2024-03,midmarket_committed,Athena,hudi,1516,29.277431712726774,committed,committed
2024-03,midmarket_on_demand,BigQuery,native,1103,13.965372775276146,demand,on_demand
2024-03,midmarket_on_demand,BigQuery,external,824,9.445625318529672,demand,on_demand
2024-03,midmarket_on_demand,Snowflake,native,1321,22.96122771087107,demand,on_demand
2024-03,midmarket_on_demand,Snowflake,external,786,7.1579166848873355,demand,on_demand
2024-03,midmarket_on_demand,Databricks,delta,1067,18.032647684292776,demand,on_demand
2024-03,midmarket_on_demand,Databricks,external,651,4.215151608421328,demand,on_demand
2024-03,midmarket_on_demand,Databricks,iceberg,651,5.409960436699185,demand,on_demand
2024-03,midmarket_on_demand,Athena,iceberg,800,7.273153845059836,demand,on_demand
2024-03,midmarket_on_demand,Athena,delta,800,6.662351870258906,demand,on_demand
2024-03,midmarket_on_demand,Athena,parquet,800,7.70179493981229,demand,on_demand
2024-03,midmarket_on_demand,Athena,hudi,800,19.07718837269778,demand,on_demand
2024-03,startup_credits,BigQuery,native,227,3.5209380041118714,credits,on_demand
2024-03,startup_credits,BigQuery,external,315,7.853007118418588,credits,on_demand
2024-03,startup_credits,Snowflake,native,252,5.128633744357007,credits,on_demand
2024-03,startup_credits,Snowflake,external,286,1.9821185855956258,credits,on_demand
2024-03,startup_credits,Databricks,delta,179,1.4145169260680113,credits,on_demand
2024-03,startup_credits,Databricks,external,208,1.687375140899831,credits,on_demand
2024-03,startup_credits,Databricks,iceberg,208,2.973047675857185,credits,on_demand
2024-03,startup_credits,Athena,iceberg,166,2.388312515299823,credits,on_demand
2024-03,startup_credits,Athena,delta,166,1.4337600926362837,credits,on_demand
2024-03,startup_credits,Athena,parquet,166,1.6251940614899978,credits,on_demand
2024-03,startup_credits,Athena,hudi,166,1.261088995306687,credits,on_demand
2024-04,enterprise_committed,BigQuery,native,27432,358.0211608690715,committed,committed
2024-04,enterprise_committed,BigQuery,external,6874,106.83621582685973,committed,committed
2024-04,enterprise_committed,Snowflake,native,26496,659.0619262205134,committed,committed
2024-04,enterprise_committed,Snowflake,external,4180,39.74490469551855,committed,committed
2024-04,enterprise_committed,Databricks,delta,27444,541.0556396411271,committed,committed
2024-04,enterprise_committed,Databricks,external,7388,65.4135106245576,committed,committed
2024-04,enterprise_committed,Databricks,iceberg,7388,92.96314335809443,committed,committed
2024-04,enterprise_committed,Athena,iceberg,12074,262.0177716944043,committed,committed
2024-04,enterprise_committed,Athena,delta,12074,175.37869591316203,committed,committed
2024-04,enterprise_committed,Athena,parquet,12074,210.11315327814526,committed,committed
2024-04,enterprise_committed,Athena,hudi,12074,181.57210436546592,committed,committed
2024-04,enterprise_on_demand,BigQuery,native,8981,86.97035214905665,demand,on_demand
2024-04,enterprise_on_demand,BigQuery,external,5465,35.62668791585937,demand,on_demand
2024-04,enterprise_on_demand,Snowflake,native,9425,213.83132458841044,demand,on_demand
2024-04,enterprise_on_demand,Snowflake,external,4460,49.917146783203385,demand,on_demand
2024-04,enterprise_on_demand,Databricks,delta,10621,263.71687371767655,demand,on_demand
2024-04,enterprise_on_demand,Databricks,external,5310,126.17691794606158,demand,on_demand
2024-04,enterprise_on_demand,Databricks,iceberg,5310,120.66395821090344,demand,on_demand
2024-04,enterprise_on_demand,Athena,iceberg,6789,114.12097143893489,demand,on_demand
2024-04,enterprise_on_demand,Athena,delta,6789,155.70221546342555,demand,on_demand
2024-04,enterprise_on_demand,Athena,parquet,6789,43.00296240899226,demand,on_demand
2024-04,enterprise_on_demand,Athena,hudi,6789,169.30491188198732,demand,on_demand
2024-04,midmarket_committed,BigQuery,native,3627,80.8246786863265,committed,committed
2024-04,midmarket_committed,BigQuery,external,1287,13.63087514308142,committed,committed
2024-04,midmarket_committed,Snowflake,native,3578,22.575468543016402,committed,committed
2024-04,midmarket_committed,Snowflake,external,896,6.696701547041927,committed,committed
2024-04,midmarket_committed,Databricks,delta,4737,43.14914695698103,committed,committed
2024-04,midmarket_committed,Databricks,external,1579,33.49182295429383,committed,committed
2024-04,midmarket_committed,Databricks,iceberg,1579,22.646388380197028,committed,committed
2024-04,midmarket_committed,Athena,iceberg,1972,24.904487522973795,committed,committed
2024-04,midmarket_committed,Athena,delta,1972,34.03946599636554,committed,committed
2024-04,midmarket_committed,Athena,parquet,1972,45.33190409896636,committed,committed
2024-04,midmarket_committed,Athena,hudi,1972,25.45261010086372,committed,committed
2024-04,midmarket_on_demand,BigQuery,native,1210,25.659805013976726,demand,on_demand
2024-04,midmarket_on_demand,BigQuery,external,925,15.111446313255854,demand,on_demand
2024-04,midmarket_on_demand,Snowflake,native,1191,11.179901487444635,demand,on_demand
2024-04,midmarket_on_demand,Snowflake,external,724,13.112706011086695,demand,on_demand
2024-04,midmarket_on_demand,Databricks,delta,1157,27.008203631104845,demand,on_demand
2024-04,midmarket_on_demand,Databricks,external,707,4.40862356210511,demand,on_demand
2024-04,midmarket_on_demand,Databricks,iceberg,707,11.150847323093908,demand,on_demand
2024-04,midmarket_on_demand,Athena,iceberg,817,15.28789265536942,demand,on_demand
2024-04,midmarket_on_demand,Athena,delta,817,5.998871866462214,demand,on_demand
2024-04,midmarket_on_demand,Athena,parquet,817,19.98452972728471,demand,on_demand
2024-04,midmarket_on_demand,Athena,hudi,817,10.13708792256752,demand,on_demand
2024-04,startup_credits,BigQuery,native,174,2.7085763539746077,credits,on_demand
2024-04,startup_credits,BigQuery,external,247,4.187624960854159,credits,on_demand
2024-04,startup_credits,Snowflake,native,240,5.384822366747845,credits,on_demand
2024-04,startup_credits,Snowflake,external,278,2.58397511121477,credits,on_demand
2024-04,startup_credits,Databricks,delta,149,2.6931783486879954,credits,on_demand
2024-04,startup_credits,Databricks,external,173,2.32788829576168,credits,on_demand
2024-04,startup_credits,Databricks,iceberg,173,2.3960656994518845,credits,on_demand
2024-04,startup_credits,Athena,iceberg,174,1.255660867718667,credits,on_demand
2024-04,startup_credits,Athena,delta,174,3.399619635434811,credits,on_demand
2024-04,startup_credits,Athena,parquet,174,1.7523172870920978,credits,on_demand
2024-04,startup_credits,Athena,hudi,174,2.769090832330969,credits,on_demand
2024-05,enterprise_committed,BigQuery,native,27824,233.59460523276962,committed,committed
2024-05,enterprise_committed,BigQuery,external,7119,57.790701259358464,committed,committed
2024-05,enterprise_committed,Snowflake,native,30897,756.3998836430285,committed,committed
2024-05,enterprise_committed,Snowflake,external,4976,101.9917879001678,committed,committed
2024-05,enterprise_committed,Databricks,delta,31894,393.0666956483766,committed,committed
2024-05,enterprise_committed,Databricks,external,8586,191.7849405866584,committed,committed
2024-05,enterprise_committed,Databricks,iceberg,8586,110.36925416942475,committed,committed
2024-05,enterprise_committed,Athena,iceberg,9965,154.67460898148124,committed,committed
2024-05,enterprise_committed,Athena,delta,9965,120.57310320874937,committed,committed
2024-05,enterprise_committed,Athena,parquet,9965,92.96258863293576,committed,committed
2024-05,enterprise_committed,Athena,hudi,9965,68.60446714092815,committed,committed
2024-05,enterprise_on_demand,BigQuery,native,10832,89.04869292418577,demand,on_demand
2024-05,enterprise_on_demand,BigQuery,external,6730,70.67375765124723,demand,on_demand
2024-05,enterprise_on_demand,Snowflake,native,13037,71.37088876836035,demand,on_demand
2024-05,enterprise_on_demand,Snowflake,external,6300,84.10474221312727,demand,on_demand
2024-05,enterprise_on_demand,Databricks,delta,11507,153.34862242825042,demand,on_demand
2024-05,enterprise_on_demand,Databricks,external,5753,73.93455386934966,demand,on_demand
2024-05,enterprise_on_demand,Databricks,iceberg,5753,54.14123396899417,demand,on_demand
2024-05,enterprise_on_demand,Athena,iceberg,7064,83.5259601363981,demand,on_demand
2024-05,enterprise_on_demand,Athena,delta,7064,59.25014563385273,demand,on_demand
2024-05,enterprise_on_demand,Athena,parquet,7064,114.50464969635605,demand,on_demand
2024-05,enterprise_on_demand,Athena,hudi,7064,139.00579146792117,demand,on_demand
2024-05,midmarket_committed,BigQuery,native,3407,42.25280595691339,committed,committed
2024-05,midmarket_committed,BigQuery,external,1235,28.33541094717311,committed,committed
2024-05,midmarket_committed,Snowflake,native,4944,97.91036776344346,committed,committed
2024-05,midmarket_committed,Snowflake,external,1264,23.361367928908344,committed,committed
2024-05,midmarket_committed,Databricks,delta,5279,45.34673421571823,committed,committed
2024-05,midmarket_committed,Databricks,external,1758,37.34776777304349,committed,committed
2024-05,midmarket_committed,Databricks,iceberg,1758,13.053326950925772,committed,committed
2024-05,midmarket_committed,Athena,iceberg,2189,49.106143677883274,committed,committed
2024-05,midmarket_committed,Athena,delta,2189,11.638560038953084,committed,committed
2024-05,midmarket_committed,Athena,parquet,2189,46.94753016858259,committed,committed
2024-05,midmarket_committed,Athena,hudi,2189,31.29649756997783,committed,committed
2024-05,midmarket_on_demand,BigQuery,native,1211,12.130783870529992,demand,on_demand
2024-05,midmarket_on_demand,BigQuery,external,945,10.196314495933276,demand,on_demand
2024-05,midmarket_on_demand,Snowflake,native,1384,16.101818726410674,demand,on_demand
2024-05,midmarket_on_demand,Snowflake,external,859,18.906444093338674,demand,on_demand
2024-05,midmarket_on_demand,Databricks,delta,1135,13.160855216134058,demand,on_demand
2024-05,midmarket_on_demand,Databricks,external,694,4.832887152486916,demand,on_demand
2024-05,midmarket_on_demand,Databricks,iceberg,694,4.413890475194124,demand,on_demand
2024-05,midmarket_on_demand,Athena,iceberg,922,15.364524670860188,demand,on_demand
2024-05,midmarket_on_demand,Athena,delta,922,5.793713425496983,demand,on_demand
2024-05,midmarket_on_demand,Athena,parquet,922,8.111292031075445,demand,on_demand
2024-05,midmarket_on_demand,Athena,hudi,922,8.426248690894635,demand,on_demand
2024-05,startup_credits,BigQuery,native,239,3.6547250922042984,credits,on_demand
2024-05,startup_credits,BigQuery,external,346,2.4230960436221833,credits,on_demand
2024-05,startup_credits,Snowflake,native,211,1.2950491868126104,credits,on_demand
2024-05,startup_credits,Snowflake,external,250,3.5039400114758252,credits,on_demand
2024-05,startup_credits,Databricks,delta,156,1.8024828725663893,credits,on_demand
2024-05,startup_credits,Databricks,external,181,1.9749177927964376,credits,on_demand
2024-05,startup_credits,Databricks,iceberg,181,1.4009891425931769,credits,on_demand
2024-05,startup_credits,Athena,iceberg,171,1.3467514110181602,credits,on_demand
2024-05,startup_credits,Athena,delta,171,3.3116767492456227,credits,on_demand
2024-05,startup_credits,Athena,parquet,171,3.0467878847897802,credits,on_demand
2024-05,startup_credits,Athena,hudi,171,3.88937044768537,credits,on_demand
2024-06,enterprise_committed,BigQuery,native,21805,352.86764788776276,committed,committed
2024-06,enterprise_committed,BigQuery,external,5695,124.04778224921041,committed,committed
2024-06,enterprise_committed,Snowflake,native,26622,362.855421254989,committed,committed
2024-06,enterprise_committed,Snowflake,external,4377,96.48601441029616,committed,committed
2024-06,enterprise_committed,Databricks,delta,31883,405.5710116309217,committed,committed
2024-06,enterprise_committed,Databricks,external,8584,59.44346883557558,committed,committed
2024-06,enterprise_committed,Databricks,iceberg,8584,146.94661849561626,committed,committed
2024-06,enterprise_committed,Athena,iceberg,9781,161.93653164951218,committed,committed
2024-06,enterprise_committed,Athena,delta,9781,82.83180589481765,committed,committed
2024-06,enterprise_committed,Athena,parquet,9781,192.37256700020194,committed,committed
2024-06,enterprise_committed,Athena,hudi,9781,226.97312417936132,committed,committed
2024-06,enterprise_on_demand,BigQuery,native,10789,219.29460256470298,demand,on_demand
2024-06,enterprise_on_demand,BigQuery,external,6843,113.71158298219261,demand,on_demand
2024-06,enterprise_on_demand,Snowflake,native,10549,70.0461934798403,demand,on_demand
2024-06,enterprise_on_demand,Snowflake,external,5203,129.38826636620658,demand,on_demand
2024-06,enterprise_on_demand,Databricks,delta,11080,255.36573033721308,demand,on_demand
2024-06,enterprise_on_demand,Databricks,external,5539,67.47917500197171,demand,on_demand
2024-06,enterprise_on_demand,Databricks,iceberg,5539,88.78293046652142,demand,on_demand
2024-06,enterprise_on_demand,Athena,iceberg,7277,76.5109405933667,demand,on_demand
2024-06,enterprise_on_demand,Athena,delta,7277,96.88275661067622,demand,on_demand
2024-06,enterprise_on_demand,Athena,parquet,7277,163.23418522148725,demand,on_demand
2024-06,enterprise_on_demand,Athena,hudi,7277,148.86584777874256,demand,on_demand
2024-06,midmarket_committed,BigQuery,native,3543,79.29342007818244,committed,committed
2024-06,midmarket_committed,BigQuery,external,1309,12.985543682496287,committed,committed
2024-06,midmarket_committed,Snowflake,native,4009,85.52403715902645,committed,committed
2024-06,midmarket_committed,Snowflake,external,1046,14.83545745712293,committed,committed
2024-06,midmarket_committed,Databricks,delta,4173,36.29249089309652,committed,committed
2024-06,midmarket_committed,Databricks,external,1391,15.176234236652045,committed,committed
2024-06,midmarket_committed,Databricks,iceberg,1391,18.77218319465855,committed,committed
2024-06,midmarket_committed,Athena,iceberg,2095,13.582557088447533,committed,committed
2024-06,midmarket_committed,Athena,delta,2095,22.507866959887064,committed,committed
2024-06,midmarket_committed,Athena,parquet,2095,28.425134845601047,committed,committed
2024-06,midmarket_committed,Athena,hudi,2095,43.665324123696585,committed,committed
2024-06,midmarket_on_demand,BigQuery,native,1597,17.550536416811106,demand,on_demand
2024-06,midmarket_on_demand,BigQuery,external,1272,19.261755010908374,demand,on_demand
2024-06,midmarket_on_demand,Snowflake,native,1755,34.2945934589884,demand,on_demand
2024-06,midmarket_on_demand,Snowflake,external,1112,27.303363043929096,demand,on_demand
2024-06,midmarket_on_demand,Databricks,delta,1608,35.51491965342803,demand,on_demand
2024-06,midmarket_on_demand,Databricks,external,982,17.69536599496804,demand,on_demand
2024-06,midmarket_on_demand,Databricks,iceberg,982,15.226654696944815,demand,on_demand
2024-06,midmarket_on_demand,Athena,iceberg,720,8.45839452740178,demand,on_demand
2024-06,midmarket_on_demand,Athena,delta,720,17.519984033593467,demand,on_demand
2024-06,midmarket_on_demand,Athena,parquet,720,7.926081457861118,demand,on_demand
2024-06,midmarket_on_demand,Athena,hudi,720,4.959411969457276,demand,on_demand
2024-06,startup_credits,BigQuery,native,169,2.53911203737935,credits,on_demand
2024-06,startup_credits,BigQuery,external,250,4.553606475662177,credits,on_demand
2024-06,startup_credits,Snowflake,native,224,3.0947282998082546,credits,on_demand
2024-06,startup_credits,Snowflake,external,270,5.320139255510461,credits,on_demand
2024-06,startup_credits,Databricks,delta,189,2.790962177312294,credits,on_demand
2024-06,startup_credits,Databricks,external,220,1.2263844626269989,credits,on_demand
2024-06,startup_credits,Databricks,iceberg,220,3.7705427278140187,credits,on_demand
2024-06,startup_credits,Athena,iceberg,145,3.2013895104946952,credits,on_demand
2024-06,startup_credits,Athena,delta,145,2.0788178097480485,credits,on_demand
2024-06,startup_credits,Athena,parquet,145,2.327491024588316,credits,on_demand
2024-06,startup_credits,Athena,hudi,145,1.0578317157340957,credits,on_demand
2024-07,enterprise_committed,BigQuery,native,29545,380.17413610364963,committed,committed
2024-07,enterprise_committed,BigQuery,external,7871,62.72266150669941,committed,committed
2024-07,enterprise_committed,Snowflake,native,28627,426.8867262681205,committed,committed
2024-07,enterprise_committed,Snowflake,external,4801,93.57419794768333,committed,committed
2024-07,enterprise_committed,Databricks,delta,30714,320.09479843092026,committed,committed
2024-07,enterprise_committed,Databricks,external,8268,66.69807195749407,committed,committed
2024-07,enterprise_committed,Databricks,iceberg,8268,124.9171057193639,committed,committed
2024-07,enterprise_committed,Athena,iceberg,13147,87.17296980647417,committed,committed
2024-07,enterprise_committed,Athena,delta,13147,290.05723759876264,committed,committed
2024-07,enterprise_committed,Athena,parquet,13147,149.76338149293284,committed,committed
2024-07,enterprise_committed,Athena,hudi,13147,229.6544466799989,committed,committed
2024-07,enterprise_on_demand,BigQuery,native,11239,130.12626518434584,demand,on_demand
2024-07,enterprise_on_demand,BigQuery,external,7273,172.52218394997115,demand,on_demand
2024-07,enterprise_on_demand,Snowflake,native,14050,89.59065072883207,demand,on_demand
2024-07,enterprise_on_demand,Snowflake,external,7071,163.36494122264529,demand,on_demand
2024-07,enterprise_on_demand,Databricks,delta,11645,217.15191497105008,demand,on_demand
2024-07,enterprise_on_demand,Databricks,external,5822,36.38313466550359,demand,on_demand
2024-07,enterprise_on_demand,Databricks,iceberg,5822,80.40456859696798,demand,on_demand
2024-07,enterprise_on_demand,Athena,iceberg,7006,158.5674708768697,demand,on_demand
2024-07,enterprise_on_demand,Athena,delta,7006,116.41618853670039,demand,on_demand
2024-07,enterprise_on_demand,Athena,parquet,7006,57.12422041804691,demand,on_demand
2024-07,enterprise_on_demand,Athena,hudi,7006,140.2180856985521,demand,on_demand
2024-07,midmarket_committed,BigQuery,native,4602,60.78439273339742,committed,committed
2024-07,midmarket_committed,BigQuery,external,1736,42.04863349766208,committed,committed
2024-07,midmarket_committed,Snowflake,native,5041,109.19992579202321,committed,committed
2024-07,midmarket_committed,Snowflake,external,1342,18.740167308809156,committed,committed
2024-07,midmarket_committed,Databricks,delta,4113,63.73767051332389,committed,committed
2024-07,midmarket_committed,Databricks,external,1371,17.596151385224378,committed,committed
2024-07,midmarket_committed,Databricks,iceberg,1371,20.784395731632245,committed,committed
2024-07,midmarket_committed,Athena,iceberg,2298,41.147816146233794,committed,committed
2024-07,midmarket_committed,Athena,delta,2298,38.4263065488789,committed,committed
2024-07,midmarket_committed,Athena,parquet,2298,42.88757845168175,committed,committed
2024-07,midmarket_committed,Athena,hudi,2298,11.927492034299355,committed,committed
2024-07,midmarket_on_demand,BigQuery,native,1309,6.704495433932957,demand,on_demand
2024-07,midmarket_on_demand,BigQuery,external,1063,21.53717406587205,demand,on_demand
2024-07,midmarket_on_demand,Snowflake,native,1621,31.262117780921226,demand,on_demand
2024-07,midmarket_on_demand,Snowflake,external,1049,17.279515329131243,demand,on_demand
2024-07,midmarket_on_demand,Databricks,delta,1588,12.717696829292036,demand,on_demand
2024-07,midmarket_on_demand,Databricks,external,969,13.377528976320912,demand,on_demand
2024-07,midmarket_on_demand,Databricks,iceberg,969,18.90566748129617,demand,on_demand
2024-07,midmarket_on_demand,Athena,iceberg,898,12.18094194784532,demand,on_demand
2024-07,midmarket_on_demand,Athena,delta,898,9.435377434279749,demand,on_demand
2024-07,midmarket_on_demand,Athena,parquet,898,20.392392490739507,demand,on_demand
2024-07,midmarket_on_demand,Athena,hudi,898,19.621397129283327,demand,on_demand
2024-07,startup_credits,BigQuery,native,254,1.5638433716734572,credits,on_demand
2024-07,startup_credits,BigQuery,external,383,6.592332393574414,credits,on_demand
2024-07,startup_credits,Snowflake,native,212,5.082905744460664,credits,on_demand
2024-07,startup_credits,Snowflake,external,261,1.4652336494698222,credits,on_demand
2024-07,startup_credits,Databricks,delta,179,2.367410973759598,credits,on_demand
2024-07,startup_credits,Databricks,external,209,2.9580125365532584,credits,on_demand
2024-07,startup_credits,Databricks,iceberg,209,1.8399501976749566,credits,on_demand
2024-07,startup_credits,Athena,iceberg,196,2.336306232332454,credits,on_demand
2024-07,startup_credits,Athena,delta,196,1.240542603608012,credits,on_demand
2024-07,startup_credits,Athena,parquet,196,2.3563201992715896,credits,on_demand
2024-07,startup_credits,Athena,hudi,196,4.425461132078033,credits,on_demand
